url,title,description,keyword,keyword type,volume,keyword difficulty,intent
https://ethical-crypto.com/protocols,Protocol Intelligence: Technical Audits & Network Analysis | Ethical Crypto,"the definitive library of crypto protocols. master network topology, smart contract security, and technical decentralization metrics.",crypto protocol intelligence,recommended,0,0,
https://ethical-crypto.com/protocols,Protocol Intelligence: Technical Audits & Network Analysis | Ethical Crypto,"the definitive library of crypto protocols. master network topology, smart contract security, and technical decentralization metrics.",crypto protocol audits,recommended,0,0,
https://ethical-crypto.com/wealthpumps/decoding-tokenomics-spotting-long-term-winners,Decoding Tokenomics: Spotting Long-Term Winners in | EC,"however, investors who know decoding tokenomics: spotting long-term winners can sometimes spot better projects even before the rest of the investing...",identifying crypto winners,recommended,0,0,
https://ethical-crypto.com/fundamentals/what-is-proof-of-stake-in-simple-terms,What Is Proof of Stake in Simple Terms | EC,"but many newbies come and scratch their heads what is proof of stake in simple terms, and wonder why it's important in crypto. the solution is not hard to...",proof of stake what is,recommended,110,77,informational
https://ethical-crypto.com/fundamentals/what-is-proof-of-stake-in-simple-terms,What Is Proof of Stake in Simple Terms | EC,"but many newbies come and scratch their heads what is proof of stake in simple terms, and wonder why it's important in crypto. the solution is not hard to...",proof of stake explained,recommended,0,0,
https://ethical-crypto.com/fundamentals/what-is-proof-of-stake-in-simple-terms,What Is Proof of Stake in Simple Terms | EC,"but many newbies come and scratch their heads what is proof of stake in simple terms, and wonder why it's important in crypto. the solution is not hard to...",importance of proof of stake,recommended,0,0,
https://ethical-crypto.com/wealthspan-calculator,Staking Calculator — Optimize Your Digital Wealthspan | Ethical Crypto,calculate your protocol yield and optimize your wealthspan. our institutional-grade staking calculator provides real-time interest projections and compounding analysis.,staking calculator,recommended,480,22,"informational, commercial"
https://ethical-crypto.com/wealthspan-calculator,Staking Calculator — Optimize Your Digital Wealthspan | Ethical Crypto,calculate your protocol yield and optimize your wealthspan. our institutional-grade staking calculator provides real-time interest projections and compounding analysis.,crypto staking calculator,recommended,320,48,"informational, commercial"
https://ethical-crypto.com/wealthspan-calculator,Staking Calculator — Optimize Your Digital Wealthspan | Ethical Crypto,calculate your protocol yield and optimize your wealthspan. our institutional-grade staking calculator provides real-time interest projections and compounding analysis.,eth staking calculator,recommended,210,55,informational
https://ethical-crypto.com/wealthspan-calculator,Staking Calculator — Optimize Your Digital Wealthspan | Ethical Crypto,calculate your protocol yield and optimize your wealthspan. our institutional-grade staking calculator provides real-time interest projections and compounding analysis.,crypto yield calculator,recommended,0,0,
https://ethical-crypto.com/fundamentals/beginner-guide-to-reading-smart-contracts,Beginner Guide to Reading Smart Contracts | EC,"everything will be covered in a simple, easy-to-understand manner at this page beginner guide to reading smart contracts.",smart contract course,recommended,30,33,"informational, transactional"
https://ethical-crypto.com/fundamentals/beginner-guide-to-reading-smart-contracts,Beginner Guide to Reading Smart Contracts | EC,"everything will be covered in a simple, easy-to-understand manner at this page beginner guide to reading smart contracts.",understand smart contracts,recommended,0,0,
https://ethical-crypto.com/fundamentals/beginner-guide-to-reading-smart-contracts,Beginner Guide to Reading Smart Contracts | EC,"everything will be covered in a simple, easy-to-understand manner at this page beginner guide to reading smart contracts.",reading smart contracts guide,recommended,0,0,
https://ethical-crypto.com/fundamentals/beginner-guide-to-reading-smart-contracts,Beginner Guide to Reading Smart Contracts | EC,"everything will be covered in a simple, easy-to-understand manner at this page beginner guide to reading smart contracts.",smart contract basics,recommended,0,0,
https://ethical-crypto.com/protocols/ethereum-nodes,Ethereum Nodes: A Layer-by-Layer Breakdown | EC,here we drag step by step breaking down the ethereum nodes layer in a simple and human way so that you will be able to clearly understand how the system...,ethereum nodes explained,recommended,0,0,
https://ethical-crypto.com/protocols/ethereum-nodes,Ethereum Nodes: A Layer-by-Layer Breakdown | EC,here we drag step by step breaking down the ethereum nodes layer in a simple and human way so that you will be able to clearly understand how the system...,how ethereum nodes work,recommended,0,0,
https://ethical-crypto.com/protocols/ethereum-nodes,Ethereum Nodes: A Layer-by-Layer Breakdown | EC,here we drag step by step breaking down the ethereum nodes layer in a simple and human way so that you will be able to clearly understand how the system...,ethereum node layers,recommended,0,0,
https://ethical-crypto.com/fundamentals/smart-contracts-explained-for-beginners,Smart Contracts Explained for Beginners | EC,the reason of smart contracts explained for beginners is straightforward. smart contracts do not require any trust between strangers – the agreement is...,how to build smart contracts,recommended,30,22,informational
https://ethical-crypto.com/fundamentals/smart-contracts-explained-for-beginners,Smart Contracts Explained for Beginners | EC,the reason of smart contracts explained for beginners is straightforward. smart contracts do not require any trust between strangers – the agreement is...,how to build a smart contract,recommended,50,22,informational
https://ethical-crypto.com/fundamentals/smart-contracts-explained-for-beginners,Smart Contracts Explained for Beginners | EC,the reason of smart contracts explained for beginners is straightforward. smart contracts do not require any trust between strangers – the agreement is...,how to make a smart contract,recommended,30,23,informational
https://ethical-crypto.com/fundamentals/smart-contracts-explained-for-beginners,Smart Contracts Explained for Beginners | EC,the reason of smart contracts explained for beginners is straightforward. smart contracts do not require any trust between strangers – the agreement is...,what are smart contracts,recommended,1300,87,informational
https://ethical-crypto.com/fundamentals/smart-contracts-explained-for-beginners,Smart Contracts Explained for Beginners | EC,the reason of smart contracts explained for beginners is straightforward. smart contracts do not require any trust between strangers – the agreement is...,what is smart contract technology,recommended,40,80,informational
https://ethical-crypto.com/fundamentals/smart-contracts-explained-for-beginners,Smart Contracts Explained for Beginners | EC,the reason of smart contracts explained for beginners is straightforward. smart contracts do not require any trust between strangers – the agreement is...,how smart contracts work,recommended,70,52,informational
https://ethical-crypto.com/fundamentals/smart-contracts-explained-for-beginners,Smart Contracts Explained for Beginners | EC,the reason of smart contracts explained for beginners is straightforward. smart contracts do not require any trust between strangers – the agreement is...,what is smart contract,recommended,1000,89,informational
https://ethical-crypto.com/fundamentals/smart-contracts-explained-for-beginners,Smart Contracts Explained for Beginners | EC,the reason of smart contracts explained for beginners is straightforward. smart contracts do not require any trust between strangers – the agreement is...,what is a smart contract in blockchain,recommended,170,80,informational
https://ethical-crypto.com/fundamentals/smart-contracts-explained-for-beginners,Smart Contracts Explained for Beginners | EC,the reason of smart contracts explained for beginners is straightforward. smart contracts do not require any trust between strangers – the agreement is...,what are smart contracts in blockchain,recommended,140,79,informational
https://ethical-crypto.com/fundamentals/smart-contracts-explained-for-beginners,Smart Contracts Explained for Beginners | EC,the reason of smart contracts explained for beginners is straightforward. smart contracts do not require any trust between strangers – the agreement is...,what is a smart contract blockchain,recommended,110,77,informational
https://ethical-crypto.com/fundamentals/smart-contracts-explained-for-beginners,Smart Contracts Explained for Beginners | EC,the reason of smart contracts explained for beginners is straightforward. smart contracts do not require any trust between strangers – the agreement is...,what is a smartcontract,recommended,40,78,informational
https://ethical-crypto.com/fundamentals/smart-contracts-explained-for-beginners,Smart Contracts Explained for Beginners | EC,the reason of smart contracts explained for beginners is straightforward. smart contracts do not require any trust between strangers – the agreement is...,sample smart contract,recommended,90,26,informational
https://ethical-crypto.com/fundamentals/smart-contracts-explained-for-beginners,Smart Contracts Explained for Beginners | EC,the reason of smart contracts explained for beginners is straightforward. smart contracts do not require any trust between strangers – the agreement is...,example smart contract,recommended,90,28,informational
https://ethical-crypto.com/fundamentals/smart-contracts-explained-for-beginners,Smart Contracts Explained for Beginners | EC,the reason of smart contracts explained for beginners is straightforward. smart contracts do not require any trust between strangers – the agreement is...,types of smart contracts,recommended,70,23,"informational, commercial"
https://ethical-crypto.com/fundamentals/smart-contracts-explained-for-beginners,Smart Contracts Explained for Beginners | EC,the reason of smart contracts explained for beginners is straightforward. smart contracts do not require any trust between strangers – the agreement is...,smart contract services,recommended,40,18,informational
https://ethical-crypto.com/fundamentals/smart-contracts-explained-for-beginners,Smart Contracts Explained for Beginners | EC,the reason of smart contracts explained for beginners is straightforward. smart contracts do not require any trust between strangers – the agreement is...,smart contract applications,recommended,140,48,informational
https://ethical-crypto.com/fundamentals/smart-contracts-explained-for-beginners,Smart Contracts Explained for Beginners | EC,the reason of smart contracts explained for beginners is straightforward. smart contracts do not require any trust between strangers – the agreement is...,smart contract companies,recommended,40,31,informational
https://ethical-crypto.com/fundamentals/smart-contracts-explained-for-beginners,Smart Contracts Explained for Beginners | EC,the reason of smart contracts explained for beginners is straightforward. smart contracts do not require any trust between strangers – the agreement is...,smart contracts development,recommended,50,51,informational
https://ethical-crypto.com/fundamentals/smart-contracts-explained-for-beginners,Smart Contracts Explained for Beginners | EC,the reason of smart contracts explained for beginners is straightforward. smart contracts do not require any trust between strangers – the agreement is...,smart contract,recommended,2400,87,informational
https://ethical-crypto.com/fundamentals/smart-contracts-explained-for-beginners,Smart Contracts Explained for Beginners | EC,the reason of smart contracts explained for beginners is straightforward. smart contracts do not require any trust between strangers – the agreement is...,ethereum smart contracts explained,recommended,210,55,informational
https://ethical-crypto.com/fundamentals/smart-contracts-explained-for-beginners,Smart Contracts Explained for Beginners | EC,the reason of smart contracts explained for beginners is straightforward. smart contracts do not require any trust between strangers – the agreement is...,smart contract programming,recommended,210,57,informational
https://ethical-crypto.com/fundamentals/smart-contracts-explained-for-beginners,Smart Contracts Explained for Beginners | EC,the reason of smart contracts explained for beginners is straightforward. smart contracts do not require any trust between strangers – the agreement is...,example of a smart contract,recommended,40,45,informational
https://ethical-crypto.com/fundamentals/smart-contracts-explained-for-beginners,Smart Contracts Explained for Beginners | EC,the reason of smart contracts explained for beginners is straightforward. smart contracts do not require any trust between strangers – the agreement is...,smart contracts for beginners,recommended,0,0,
https://ethical-crypto.com/fundamentals/smart-contracts-explained-for-beginners,Smart Contracts Explained for Beginners | EC,the reason of smart contracts explained for beginners is straightforward. smart contracts do not require any trust between strangers – the agreement is...,smart contracts explained,recommended,320,83,informational
https://ethical-crypto.com/fundamentals/smart-contracts-explained-for-beginners,Smart Contracts Explained for Beginners | EC,the reason of smart contracts explained for beginners is straightforward. smart contracts do not require any trust between strangers – the agreement is...,smart contract blockchain,recommended,210,76,informational
https://ethical-crypto.com/fundamentals/smart-contracts-explained-for-beginners,Smart Contracts Explained for Beginners | EC,the reason of smart contracts explained for beginners is straightforward. smart contracts do not require any trust between strangers – the agreement is...,smart contracts blockchain examples,recommended,30,52,informational
https://ethical-crypto.com/fundamentals/smart-contracts-explained-for-beginners,Smart Contracts Explained for Beginners | EC,the reason of smart contracts explained for beginners is straightforward. smart contracts do not require any trust between strangers – the agreement is...,smart contracts in blockchain,recommended,170,78,informational
https://ethical-crypto.com/fundamentals/smart-contracts-explained-for-beginners,Smart Contracts Explained for Beginners | EC,the reason of smart contracts explained for beginners is straightforward. smart contracts do not require any trust between strangers – the agreement is...,smart contracts crypto,recommended,140,79,informational
https://ethical-crypto.com/fundamentals/smart-contracts-explained-for-beginners,Smart Contracts Explained for Beginners | EC,the reason of smart contracts explained for beginners is straightforward. smart contracts do not require any trust between strangers – the agreement is...,smart contract and blockchain,recommended,50,65,informational
https://ethical-crypto.com/fundamentals/smart-contracts-explained-for-beginners,Smart Contracts Explained for Beginners | EC,the reason of smart contracts explained for beginners is straightforward. smart contracts do not require any trust between strangers – the agreement is...,smart contract meaning,recommended,90,83,informational
https://ethical-crypto.com/security,Security/Wallets: Air-Gapped Custody & Asset Protection | Ethical Crypto,"the tactical guide to crypto operational security and wallet management. master air-gapped custody, multi-sig governance, and privacy engineering.",crypto security wallets,recommended,0,0,
https://ethical-crypto.com/security,Security/Wallets: Air-Gapped Custody & Asset Protection | Ethical Crypto,"the tactical guide to crypto operational security and wallet management. master air-gapped custody, multi-sig governance, and privacy engineering.",crypto asset protection,recommended,0,0,
https://ethical-crypto.com/security,Security/Wallets: Air-Gapped Custody & Asset Protection | Ethical Crypto,"the tactical guide to crypto operational security and wallet management. master air-gapped custody, multi-sig governance, and privacy engineering.",crypto wallet,recommended,27100,95,"informational, commercial"
https://ethical-crypto.com/security,Security/Wallets: Air-Gapped Custody & Asset Protection | Ethical Crypto,"the tactical guide to crypto operational security and wallet management. master air-gapped custody, multi-sig governance, and privacy engineering.",crypto asset security,recommended,50,39,informational
https://ethical-crypto.com/security,Security/Wallets: Air-Gapped Custody & Asset Protection | Ethical Crypto,"the tactical guide to crypto operational security and wallet management. master air-gapped custody, multi-sig governance, and privacy engineering.",secure crypto wallet,recommended,480,85,commercial
https://ethical-crypto.com/security,Security/Wallets: Air-Gapped Custody & Asset Protection | Ethical Crypto,"the tactical guide to crypto operational security and wallet management. master air-gapped custody, multi-sig governance, and privacy engineering.",crypto currency wallets,recommended,70,88,commercial
https://ethical-crypto.com/security,Security/Wallets: Air-Gapped Custody & Asset Protection | Ethical Crypto,"the tactical guide to crypto operational security and wallet management. master air-gapped custody, multi-sig governance, and privacy engineering.",wallet for crypto,recommended,390,90,commercial
https://ethical-crypto.com/security,Security/Wallets: Air-Gapped Custody & Asset Protection | Ethical Crypto,"the tactical guide to crypto operational security and wallet management. master air-gapped custody, multi-sig governance, and privacy engineering.",cryptocurrency wallets,recommended,1300,94,commercial
https://ethical-crypto.com/security,Security/Wallets: Air-Gapped Custody & Asset Protection | Ethical Crypto,"the tactical guide to crypto operational security and wallet management. master air-gapped custody, multi-sig governance, and privacy engineering.",crypto coin wallets,recommended,170,98,commercial
https://ethical-crypto.com/security,Security/Wallets: Air-Gapped Custody & Asset Protection | Ethical Crypto,"the tactical guide to crypto operational security and wallet management. master air-gapped custody, multi-sig governance, and privacy engineering.",secure wallet for cryptocurrency,recommended,110,99,commercial
https://ethical-crypto.com/security,Security/Wallets: Air-Gapped Custody & Asset Protection | Ethical Crypto,"the tactical guide to crypto operational security and wallet management. master air-gapped custody, multi-sig governance, and privacy engineering.",crypto currency wallet,recommended,480,100,commercial
https://ethical-crypto.com/security,Security/Wallets: Air-Gapped Custody & Asset Protection | Ethical Crypto,"the tactical guide to crypto operational security and wallet management. master air-gapped custody, multi-sig governance, and privacy engineering.",crypto coin wallet,recommended,210,100,informational
https://ethical-crypto.com/fundamentals/how-daos-are-changing-digital-communities,How DAOs Are Changing Digital Communities | EC,many are interested in understanding how daos are changing digital communities since these entities are developing new means by which on-line groups can...,decentralized autonomous organizations dao,recommended,70,63,"informational, transactional"
https://ethical-crypto.com/fundamentals/how-daos-are-changing-digital-communities,How DAOs Are Changing Digital Communities | EC,many are interested in understanding how daos are changing digital communities since these entities are developing new means by which on-line groups can...,decentralized autonomous organizations daos,recommended,70,67,informational
https://ethical-crypto.com/fundamentals/how-daos-are-changing-digital-communities,How DAOs Are Changing Digital Communities | EC,many are interested in understanding how daos are changing digital communities since these entities are developing new means by which on-line groups can...,what are daos,recommended,90,72,informational
https://ethical-crypto.com/fundamentals/how-daos-are-changing-digital-communities,How DAOs Are Changing Digital Communities | EC,many are interested in understanding how daos are changing digital communities since these entities are developing new means by which on-line groups can...,dao distributed autonomous organization,recommended,50,66,informational
https://ethical-crypto.com/fundamentals/how-daos-are-changing-digital-communities,How DAOs Are Changing Digital Communities | EC,many are interested in understanding how daos are changing digital communities since these entities are developing new means by which on-line groups can...,daos and digital communities,recommended,0,0,
https://ethical-crypto.com/fundamentals/how-daos-are-changing-digital-communities,How DAOs Are Changing Digital Communities | EC,many are interested in understanding how daos are changing digital communities since these entities are developing new means by which on-line groups can...,how daos work,recommended,0,0,
https://ethical-crypto.com/fundamentals/how-daos-are-changing-digital-communities,How DAOs Are Changing Digital Communities | EC,many are interested in understanding how daos are changing digital communities since these entities are developing new means by which on-line groups can...,how daos govern,recommended,0,0,
https://ethical-crypto.com/fundamentals/how-daos-are-changing-digital-communities,How DAOs Are Changing Digital Communities | EC,many are interested in understanding how daos are changing digital communities since these entities are developing new means by which on-line groups can...,what is daos,recommended,30,71,informational
https://ethical-crypto.com/about,About Ethical Crypto | Protocol Intelligence,the story behind ethical crypto. learn how we blend quantitative analysis with protocol security to optimize digital wealthspan.,ethical crypto mission,recommended,0,0,
https://ethical-crypto.com/about,About Ethical Crypto | Protocol Intelligence,the story behind ethical crypto. learn how we blend quantitative analysis with protocol security to optimize digital wealthspan.,about ethical crypto,recommended,0,0,
https://ethical-crypto.com/fundamentals,Protocol Fundamentals: Tokenomics & Network Architecture | Ethical Crypto,"the technical foundation of the crypto ecosystem. master tokenomics architecture, network topology, and protocol incentives.",protocol tokenomics,recommended,0,0,
https://ethical-crypto.com/fundamentals,Protocol Fundamentals: Tokenomics & Network Architecture | Ethical Crypto,"the technical foundation of the crypto ecosystem. master tokenomics architecture, network topology, and protocol incentives.",crypto protocol fundamentals,recommended,0,0,
https://ethical-crypto.com/fundamentals,Protocol Fundamentals: Tokenomics & Network Architecture | Ethical Crypto,"the technical foundation of the crypto ecosystem. master tokenomics architecture, network topology, and protocol incentives.",network architecture crypto,recommended,0,0,
https://ethical-crypto.com/fundamentals,Protocol Fundamentals: Tokenomics & Network Architecture | Ethical Crypto,"the technical foundation of the crypto ecosystem. master tokenomics architecture, network topology, and protocol incentives.",crypto protocols,recommended,210,48,informational
https://ethical-crypto.com/fundamentals,Protocol Fundamentals: Tokenomics & Network Architecture | Ethical Crypto,"the technical foundation of the crypto ecosystem. master tokenomics architecture, network topology, and protocol incentives.",crypto protocol,recommended,140,49,informational
https://ethical-crypto.com/wealthpumps/5-defi-yield-strategies-for-2026-growth,5 DeFi Yield Strategies for 2026 Growth | EC,one of the reasons for 5 defi yield strategies for 2026 growth matters is that there has been an increase in the tech used for blockchains.,defi yield strategies,recommended,210,38,informational
https://ethical-crypto.com/wealthpumps/5-defi-yield-strategies-for-2026-growth,5 DeFi Yield Strategies for 2026 Growth | EC,one of the reasons for 5 defi yield strategies for 2026 growth matters is that there has been an increase in the tech used for blockchains.,defi yield farming,recommended,140,50,informational
https://ethical-crypto.com/wealthpumps/5-defi-yield-strategies-for-2026-growth,5 DeFi Yield Strategies for 2026 Growth | EC,one of the reasons for 5 defi yield strategies for 2026 growth matters is that there has been an increase in the tech used for blockchains.,defi yields,recommended,40,41,"informational, commercial"
https://ethical-crypto.com/wealthpumps/5-defi-yield-strategies-for-2026-growth,5 DeFi Yield Strategies for 2026 Growth | EC,one of the reasons for 5 defi yield strategies for 2026 growth matters is that there has been an increase in the tech used for blockchains.,crypto yield generation,recommended,0,0,
https://ethical-crypto.com/wealthpumps/5-defi-yield-strategies-for-2026-growth,5 DeFi Yield Strategies for 2026 Growth | EC,one of the reasons for 5 defi yield strategies for 2026 growth matters is that there has been an increase in the tech used for blockchains.,maximize defi returns,recommended,0,0,
https://ethical-crypto.com/fundamentals/what-causes-crypto-market-volatility,What Causes Crypto Market Volatility? | EC,a vital and integral factor to comprehend before engaging in crypto investing is understanding what causes crypto market volatility?,crypto market volatility causes,recommended,0,0,
https://ethical-crypto.com/fundamentals/what-causes-crypto-market-volatility,What Causes Crypto Market Volatility? | EC,a vital and integral factor to comprehend before engaging in crypto investing is understanding what causes crypto market volatility?,understanding crypto volatility,recommended,0,0,
https://ethical-crypto.com/fundamentals/what-causes-crypto-market-volatility,What Causes Crypto Market Volatility? | EC,a vital and integral factor to comprehend before engaging in crypto investing is understanding what causes crypto market volatility?,factors affecting crypto prices,recommended,0,0,
https://ethical-crypto.com/fundamentals/what-causes-crypto-market-volatility,What Causes Crypto Market Volatility? | EC,a vital and integral factor to comprehend before engaging in crypto investing is understanding what causes crypto market volatility?,what causes crypto to go up and down,recommended,260,33,informational
https://ethical-crypto.com/fundamentals/what-causes-crypto-market-volatility,What Causes Crypto Market Volatility? | EC,a vital and integral factor to comprehend before engaging in crypto investing is understanding what causes crypto market volatility?,what affects crypto prices,recommended,40,49,informational
https://ethical-crypto.com/fundamentals/what-causes-crypto-market-volatility,What Causes Crypto Market Volatility? | EC,a vital and integral factor to comprehend before engaging in crypto investing is understanding what causes crypto market volatility?,what affects cryptocurrency price,recommended,50,52,informational
https://ethical-crypto.com/fundamentals/what-causes-crypto-market-volatility,What Causes Crypto Market Volatility? | EC,a vital and integral factor to comprehend before engaging in crypto investing is understanding what causes crypto market volatility?,what influences cryptocurrency prices,recommended,40,55,informational
https://ethical-crypto.com/fundamentals/what-causes-crypto-market-volatility,What Causes Crypto Market Volatility? | EC,a vital and integral factor to comprehend before engaging in crypto investing is understanding what causes crypto market volatility?,volatility cryptocurrency,recommended,70,62,informational
https://ethical-crypto.com/fundamentals/what-causes-crypto-market-volatility,What Causes Crypto Market Volatility? | EC,a vital and integral factor to comprehend before engaging in crypto investing is understanding what causes crypto market volatility?,why is crypto so volatile,recommended,210,64,informational
https://ethical-crypto.com/fundamentals/what-causes-crypto-market-volatility,What Causes Crypto Market Volatility? | EC,a vital and integral factor to comprehend before engaging in crypto investing is understanding what causes crypto market volatility?,volatility of cryptocurrency,recommended,90,66,informational
https://ethical-crypto.com/fundamentals/what-causes-crypto-market-volatility,What Causes Crypto Market Volatility? | EC,a vital and integral factor to comprehend before engaging in crypto investing is understanding what causes crypto market volatility?,cryptocurrency market volatility,recommended,40,69,informational
https://ethical-crypto.com/fundamentals/what-causes-crypto-market-volatility,What Causes Crypto Market Volatility? | EC,a vital and integral factor to comprehend before engaging in crypto investing is understanding what causes crypto market volatility?,crypto market volatility,recommended,260,70,informational
https://ethical-crypto.com/fundamentals/how-decentralized-governance-really-works,How Decentralized Governance Really Works | EC,this is a simple explanation of how decentralized governance really works with examples for beginners.,decentralized definition,recommended,1600,33,informational
https://ethical-crypto.com/fundamentals/how-decentralized-governance-really-works,How Decentralized Governance Really Works | EC,this is a simple explanation of how decentralized governance really works with examples for beginners.,what does decentralized mean,recommended,1300,56,informational
https://ethical-crypto.com/fundamentals/how-decentralized-governance-really-works,How Decentralized Governance Really Works | EC,this is a simple explanation of how decentralized governance really works with examples for beginners.,decentralized meaning,recommended,5400,63,informational
https://ethical-crypto.com/fundamentals/how-decentralized-governance-really-works,How Decentralized Governance Really Works | EC,this is a simple explanation of how decentralized governance really works with examples for beginners.,decentralized leadership,recommended,140,6,informational
https://ethical-crypto.com/fundamentals/how-decentralized-governance-really-works,How Decentralized Governance Really Works | EC,this is a simple explanation of how decentralized governance really works with examples for beginners.,decentralized decision making,recommended,260,39,informational
https://ethical-crypto.com/fundamentals/how-decentralized-governance-really-works,How Decentralized Governance Really Works | EC,this is a simple explanation of how decentralized governance really works with examples for beginners.,decentralization in an organization,recommended,170,29,informational
https://ethical-crypto.com/fundamentals/how-decentralized-governance-really-works,How Decentralized Governance Really Works | EC,this is a simple explanation of how decentralized governance really works with examples for beginners.,decentralized management structure,recommended,140,27,informational
https://ethical-crypto.com/fundamentals/how-decentralized-governance-really-works,How Decentralized Governance Really Works | EC,this is a simple explanation of how decentralized governance really works with examples for beginners.,decentralization of decision making,recommended,110,36,informational
https://ethical-crypto.com/fundamentals/how-decentralized-governance-really-works,How Decentralized Governance Really Works | EC,this is a simple explanation of how decentralized governance really works with examples for beginners.,decentralized structure,recommended,140,29,informational
https://ethical-crypto.com/fundamentals/how-decentralized-governance-really-works,How Decentralized Governance Really Works | EC,this is a simple explanation of how decentralized governance really works with examples for beginners.,what is a decentralized government,recommended,170,34,informational
https://ethical-crypto.com/fundamentals/how-decentralized-governance-really-works,How Decentralized Governance Really Works | EC,this is a simple explanation of how decentralized governance really works with examples for beginners.,decentralised governance,recommended,50,28,informational
https://ethical-crypto.com/fundamentals/how-decentralized-governance-really-works,How Decentralized Governance Really Works | EC,this is a simple explanation of how decentralized governance really works with examples for beginners.,decentralized organization definition,recommended,50,19,informational
https://ethical-crypto.com/fundamentals/how-decentralized-governance-really-works,How Decentralized Governance Really Works | EC,this is a simple explanation of how decentralized governance really works with examples for beginners.,decentralized in a sentence,recommended,50,24,informational
https://ethical-crypto.com/fundamentals/how-decentralized-governance-really-works,How Decentralized Governance Really Works | EC,this is a simple explanation of how decentralized governance really works with examples for beginners.,decentralization system,recommended,210,50,informational
https://ethical-crypto.com/fundamentals/how-decentralized-governance-really-works,How Decentralized Governance Really Works | EC,this is a simple explanation of how decentralized governance really works with examples for beginners.,decentralized government example,recommended,50,29,informational
https://ethical-crypto.com/fundamentals/how-decentralized-governance-really-works,How Decentralized Governance Really Works | EC,this is a simple explanation of how decentralized governance really works with examples for beginners.,define decentralized government,recommended,70,35,informational
https://ethical-crypto.com/fundamentals/how-decentralized-governance-really-works,How Decentralized Governance Really Works | EC,this is a simple explanation of how decentralized governance really works with examples for beginners.,what is decentralized,recommended,390,63,informational
https://ethical-crypto.com/fundamentals/how-decentralized-governance-really-works,How Decentralized Governance Really Works | EC,this is a simple explanation of how decentralized governance really works with examples for beginners.,decentralization in government,recommended,90,42,informational
https://ethical-crypto.com/fundamentals/how-decentralized-governance-really-works,How Decentralized Governance Really Works | EC,this is a simple explanation of how decentralized governance really works with examples for beginners.,define decentralization in government,recommended,70,40,informational
https://ethical-crypto.com/fundamentals/how-decentralized-governance-really-works,How Decentralized Governance Really Works | EC,this is a simple explanation of how decentralized governance really works with examples for beginners.,define decentralization,recommended,140,52,informational
https://ethical-crypto.com/fundamentals/how-decentralized-governance-really-works,How Decentralized Governance Really Works | EC,this is a simple explanation of how decentralized governance really works with examples for beginners.,decentralized government meaning,recommended,70,43,informational
https://ethical-crypto.com/fundamentals/how-decentralized-governance-really-works,How Decentralized Governance Really Works | EC,this is a simple explanation of how decentralized governance really works with examples for beginners.,what is decentralization in government,recommended,40,36,informational
https://ethical-crypto.com/fundamentals/how-decentralized-governance-really-works,How Decentralized Governance Really Works | EC,this is a simple explanation of how decentralized governance really works with examples for beginners.,decentralization def,recommended,90,54,informational
https://ethical-crypto.com/fundamentals/how-decentralized-governance-really-works,How Decentralized Governance Really Works | EC,this is a simple explanation of how decentralized governance really works with examples for beginners.,what does decentralization mean,recommended,50,54,informational
https://ethical-crypto.com/fundamentals/how-decentralized-governance-really-works,How Decentralized Governance Really Works | EC,this is a simple explanation of how decentralized governance really works with examples for beginners.,decentralized governance explained,recommended,0,0,
https://ethical-crypto.com/fundamentals/why-inflation-impacts-crypto-prices,Why Inflation Impacts Crypto Prices | EC,this engendered a much-needed debate on why inflation impacts crypto prices and the reactions from digital assets in the face of economic pressure.,inflation impact on crypto,recommended,0,0,
https://ethical-crypto.com/fundamentals/why-inflation-impacts-crypto-prices,Why Inflation Impacts Crypto Prices | EC,this engendered a much-needed debate on why inflation impacts crypto prices and the reactions from digital assets in the face of economic pressure.,crypto prices and inflation,recommended,0,0,
https://ethical-crypto.com/fundamentals/why-inflation-impacts-crypto-prices,Why Inflation Impacts Crypto Prices | EC,this engendered a much-needed debate on why inflation impacts crypto prices and the reactions from digital assets in the face of economic pressure.,economic pressure on crypto,recommended,0,0,
https://ethical-crypto.com/fundamentals/why-inflation-impacts-crypto-prices,Why Inflation Impacts Crypto Prices | EC,this engendered a much-needed debate on why inflation impacts crypto prices and the reactions from digital assets in the face of economic pressure.,inflation crypto,recommended,40,39,"informational, commercial"
https://ethical-crypto.com/guidelines,Protocol Guidelines & Research Standards | Ethical Crypto,"our commitment to technical integrity, on-chain evidence, and the secure optimization of digital wealthspan.",crypto research integrity,recommended,0,0,
https://ethical-crypto.com/guidelines,Protocol Guidelines & Research Standards | Ethical Crypto,"our commitment to technical integrity, on-chain evidence, and the secure optimization of digital wealthspan.",technical integrity crypto,recommended,0,0,
https://ethical-crypto.com/affiliate-disclosure,Affiliate Disclosure | Ethical Crypto Transparency,understand how ethical crypto maintains research independence while utilizing affiliate partnerships to fund ongoing protocol analysis.,transparency in crypto research,recommended,0,0,
https://ethical-crypto.com/affiliate-disclosure,Affiliate Disclosure | Ethical Crypto Transparency,understand how ethical crypto maintains research independence while utilizing affiliate partnerships to fund ongoing protocol analysis.,ethical crypto affiliate disclosure,recommended,0,0,
https://ethical-crypto.com/affiliate-disclosure,Affiliate Disclosure | Ethical Crypto Transparency,understand how ethical crypto maintains research independence while utilizing affiliate partnerships to fund ongoing protocol analysis.,crypto research funding,recommended,0,0,
https://ethical-crypto.com/protocols/hard-forks-explained,Hard Forks Explained | EC,"here we disassemble the hard forks explained in straightforward terms in this guide. you will also get to know how they occur, why they are important and...",hard forks explained,recommended,0,0,
https://ethical-crypto.com/protocols/hard-forks-explained,Hard Forks Explained | EC,"here we disassemble the hard forks explained in straightforward terms in this guide. you will also get to know how they occur, why they are important and...",how hard forks happen,recommended,0,0,
https://ethical-crypto.com/protocols/hard-forks-explained,Hard Forks Explained | EC,"here we disassemble the hard forks explained in straightforward terms in this guide. you will also get to know how they occur, why they are important and...",what are hard forks crypto,recommended,0,0,
https://ethical-crypto.com/fundamentals/bitcoin-vs-ethereum,Bitcoin vs Ethereum: Core Differences | EC,"for years, the controversy has been in the crypto industry about bitcoin vs ethereum. both of these networks impacted the way people thought about money,...",bitcoin vs ethereum,recommended,2900,53,commercial
https://ethical-crypto.com/fundamentals/bitcoin-vs-ethereum,Bitcoin vs Ethereum: Core Differences | EC,"for years, the controversy has been in the crypto industry about bitcoin vs ethereum. both of these networks impacted the way people thought about money,...",bitcoin ethereum,recommended,390,54,informational
https://ethical-crypto.com/fundamentals/bitcoin-vs-ethereum,Bitcoin vs Ethereum: Core Differences | EC,"for years, the controversy has been in the crypto industry about bitcoin vs ethereum. both of these networks impacted the way people thought about money,...",eth vs bitcoin,recommended,320,62,"informational, commercial"
https://ethical-crypto.com/fundamentals/bitcoin-vs-ethereum,Bitcoin vs Ethereum: Core Differences | EC,"for years, the controversy has been in the crypto industry about bitcoin vs ethereum. both of these networks impacted the way people thought about money,...",should you buy bitcoin or ethereum,recommended,170,60,commercial
https://ethical-crypto.com/fundamentals/bitcoin-vs-ethereum,Bitcoin vs Ethereum: Core Differences | EC,"for years, the controversy has been in the crypto industry about bitcoin vs ethereum. both of these networks impacted the way people thought about money,...",differences between bitcoin and ethereum,recommended,0,0,
https://ethical-crypto.com/fundamentals/bitcoin-vs-ethereum,Bitcoin vs Ethereum: Core Differences | EC,"for years, the controversy has been in the crypto industry about bitcoin vs ethereum. both of these networks impacted the way people thought about money,...",btc vs eth comparison,recommended,0,0,
https://ethical-crypto.com/protocols/is-ethereum-still-decentralized-2026,Is Ethereum Still Decentralized in 2026? A | EC,we ran a full node-by-node audit of ethereum's validator set. the results reveal concentration risks that most investors completely ignore.,is ethereum decentralized,recommended,0,0,
https://ethical-crypto.com/protocols/is-ethereum-still-decentralized-2026,Is Ethereum Still Decentralized in 2026? A | EC,we ran a full node-by-node audit of ethereum's validator set. the results reveal concentration risks that most investors completely ignore.,ethereum decentralization risks,recommended,0,0,
https://ethical-crypto.com/protocols/is-ethereum-still-decentralized-2026,Is Ethereum Still Decentralized in 2026? A | EC,we ran a full node-by-node audit of ethereum's validator set. the results reveal concentration risks that most investors completely ignore.,ethereum,recommended,165000,100,informational
https://ethical-crypto.com/protocols/is-ethereum-still-decentralized-2026,Is Ethereum Still Decentralized in 2026? A | EC,we ran a full node-by-node audit of ethereum's validator set. the results reveal concentration risks that most investors completely ignore.,ethereum cryptocurrency,recommended,390,83,informational
https://ethical-crypto.com/,Ethical Crypto: Protocol Intelligence & Wealth Engineering,"master the digital frontier with expert cryptocurrency insights. explore the latest in defi, protocol development, and blockchain security.",cryptocurrency threat intelligence,recommended,50,16,informational
https://ethical-crypto.com/,Ethical Crypto: Protocol Intelligence & Wealth Engineering,"master the digital frontier with expert cryptocurrency insights. explore the latest in defi, protocol development, and blockchain security.",blockchain security insights,recommended,0,0,
https://ethical-crypto.com/,Ethical Crypto: Protocol Intelligence & Wealth Engineering,"master the digital frontier with expert cryptocurrency insights. explore the latest in defi, protocol development, and blockchain security.",crypto wealth engineering,recommended,0,0,
https://ethical-crypto.com/,Ethical Crypto: Protocol Intelligence & Wealth Engineering,"master the digital frontier with expert cryptocurrency insights. explore the latest in defi, protocol development, and blockchain security.",crypto insights,recommended,90,75,informational
https://ethical-crypto.com/,Ethical Crypto: Protocol Intelligence & Wealth Engineering,"master the digital frontier with expert cryptocurrency insights. explore the latest in defi, protocol development, and blockchain security.",cryptocurrency intelligence,recommended,50,86,"informational, commercial"
,volatile crypto,,how does crypto go up in value,recommended,50,51,informational
,volatile crypto,,what determines crypto price,recommended,50,48,informational
,volatile crypto,,what drives cryptocurrency prices,recommended,30,50,informational
,volatile crypto,,what makes crypto go up and down,recommended,390,51,informational
,volatile crypto,,how does the price of crypto go up,recommended,50,52,informational
,volatile crypto,,how do cryptos go up in value,recommended,40,51,informational
,volatile crypto,,volatile crypto,recommended,110,60,informational
,volatile crypto,,value of crypto currency,recommended,210,81,informational
,volatile crypto,,crypto market trends,recommended,590,92,informational
,volatile crypto,,crypto currencys,recommended,110,90,informational
,volatile crypto,,value of crypto,recommended,40,80,informational
,volatile crypto,,basics of crypto,recommended,50,88,informational
,volatile crypto,,crypto monitoring,recommended,170,95,commercial
,volatile crypto,,crypto price news,recommended,50,100,navigational
,volatile crypto,,crypto currencies,recommended,3600,97,informational
,volatile crypto,,crypto rise,recommended,210,37,informational
,volatile crypto,,crypto news,recommended,550000,82,commercial
,volatile crypto,,prices of cryptocurrency,recommended,70,82,navigational
,volatile crypto,,crypto money price,recommended,30,80,informational
,volatile crypto,,crypto market prices,recommended,210,84,navigational
,volatile crypto,,crypto price market,recommended,70,86,navigational
,volatile crypto,,crypto coin prices,recommended,1900,84,navigational
,volatile crypto,,cripto price,recommended,90,84,navigational
,volatile crypto,,cryptocurrency prices market,recommended,40,86,navigational
,volatile crypto,,cryptocurrency price market,recommended,40,88,transactional
,volatile crypto,,price of crypto,recommended,1300,89,informational
,volatile crypto,,crypto coins price,recommended,260,88,navigational
,volatile crypto,,crypto prices,recommended,74000,91,navigational
,volatile crypto,,crypto,recommended,246000,100,"informational, commercial"
,volatile crypto,,cryptocurrency,recommended,165000,100,informational
,what is cryptocurrency wallet,,what is cryptocurrency wallet,recommended,260,66,informational
,what is cryptocurrency wallet,,how to keep your crypto safe,recommended,70,54,informational
,what is cryptocurrency wallet,,hardware wallets for crypto,recommended,210,59,commercial
,what is cryptocurrency wallet,,what is crypto wallet used for,recommended,40,60,informational
,what is cryptocurrency wallet,,how to secure your crypto,recommended,40,62,informational
,what is cryptocurrency wallet,,what are cryptocurrency wallets,recommended,480,75,informational
,what is cryptocurrency wallet,,what is wallet in cryptocurrency,recommended,720,80,informational
,what is cryptocurrency wallet,,best secure cryptocurrency wallet,recommended,30,83,commercial
,what is cryptocurrency wallet,,digital crypto wallet,recommended,720,90,"informational, commercial"
,what is cryptocurrency wallet,,cripto wallets,recommended,70,91,commercial
,what is cryptocurrency wallet,,safe wallets for crypto,recommended,40,93,commercial
,what is cryptocurrency wallet,,digital wallet for crypto,recommended,260,100,commercial
,blockchain analytics,,blockchain analytics,recommended,390,50,informational
,blockchain analytics,,blockchain security audits,recommended,140,39,informational
,blockchain analytics,,crypto auditing,recommended,110,36,informational
,blockchain analytics,,blockchain forensic analysis,recommended,40,39,informational
,blockchain analytics,,analytics on blockchain,recommended,90,40,informational
,blockchain analytics,,blockchain security company,recommended,50,52,informational
,blockchain analytics,,crypto analyse,recommended,140,87,"informational, commercial"
,blockchain analytics,,blockchain network analysis,recommended,0,0,
,blockchain analytics,,crypto research company,recommended,0,0,
,blockchain analytics,,crypto audit,recommended,170,60,informational
,blockchain analytics,,crypto security audit,recommended,70,60,informational
,ethereum token,,ethereum token,recommended,480,91,informational
,ethereum token,,etherium crypto,recommended,260,89,informational
,ethereum token,,how does ethereum work,recommended,170,63,informational
,ethereum token,,what is ethereum,recommended,6600,64,informational
,ethereum token,,ethereum explained,recommended,50,64,informational
,ethereum token,,ethereum definition,recommended,480,71,informational
,ethereum token,,ethereum meaning,recommended,720,75,informational
,ethereum token,,ethereum network,recommended,3600,91,informational
,btc eth,,btc eth,recommended,4400,53,informational
,btc eth,,ethereum to bitcoin,recommended,480,60,informational
,btc eth,,bitcoin eth,recommended,110,50,informational
,btc eth,,bitcoin to ethereum ratio,recommended,40,62,informational
,cryptocurrency vs bitcoin,,cryptocurrency vs bitcoin,recommended,110,59,informational
,cryptocurrency vs bitcoin,,should i invest in bitcoin or ethereum,recommended,40,50,commercial
,cryptocurrency vs bitcoin,,difference between crypto and bitcoin,recommended,390,76,informational
,cryptocurrency vs bitcoin,,what is cryptocurrency,recommended,301000,96,informational
,cryptocurrency calculator,,cryptocurrency calculator,recommended,880,64,"informational, commercial"
,cryptocurrency calculator,,crypto calculator,recommended,33100,64,informational
,cryptocurrency calculator,,crypto profit calculator with leverage,recommended,70,41,informational
,cryptocurrency calculator,,capital gains crypto calculator,recommended,50,49,"informational, commercial"
,cryptocurrency calculator,,crypto tracing,recommended,210,57,"informational, commercial"
,cryptocurrency calculator,,analyzing cryptocurrency,recommended,70,63,informational
,cryptocurrency calculator,,crypto calculator profitability,recommended,720,62,informational
,cryptocurrency calculator,,crypto money calculator,recommended,50,58,"informational, commercial"
,cryptocurrency calculator,,crypto profits calculator,recommended,260,49,"informational, commercial"
,cryptocurrency calculator,,crypto trading calculator,recommended,110,47,informational
,cryptocurrency calculator,,crypto earnings calculator,recommended,140,54,"informational, commercial"
,cryptocurrency calculator,,crypto compounding calculator,recommended,70,47,"informational, commercial"
,cryptocurrency calculator,,crypto purchase calculator,recommended,90,53,transactional
,cryptocurrency calculator,,crypto increase calculator,recommended,70,56,"informational, commercial"
,cryptocurrency calculator,,crypto shares calculator,recommended,50,51,"informational, commercial"
,cryptocurrency calculator,,crypto trade calculator,recommended,50,52,informational
,cryptocurrency calculator,,crypto share calculator,recommended,50,54,"informational, commercial"
,bitcoin smart contracts,,bitcoin smart contracts,recommended,320,43,informational
,bitcoin smart contracts,,smart contract developers,recommended,140,22,informational
,bitcoin smart contracts,,how to make money with smart contracts,recommended,50,14,informational
,bitcoin smart contracts,,smart contract regulations,recommended,50,24,informational
,bitcoin smart contracts,,blockchain and smart contracts,recommended,170,50,informational
,bitcoin smart contracts,,blockchain smart contract example,recommended,50,36,informational
,bitcoin smart contracts,,blockchains with smart contracts,recommended,140,72,informational
,bitcoin smart contracts,,contracts blockchain,recommended,40,57,informational
,bitcoin smart contracts,,smart contract cryptocurrency,recommended,110,76,informational
,decentralized vs centralized,,decentralized vs centralized,recommended,390,31,commercial
,decentralized vs centralized,,management decentralization,recommended,70,24,informational
,decentralized vs centralized,,centralized decentralization,recommended,90,45,informational
,coin proof of stake,,coin proof of stake,recommended,50,84,"informational, commercial"
,coin proof of stake,,crypto proof of stake,recommended,110,81,informational
,coin proof of stake,,proof os stake,recommended,50,88,informational
,is crypto going up,,is crypto going up,recommended,260,70,informational
,is crypto going up,,cryptocurrency bitcoin,recommended,22200,100,informational
,decentralised government,,decentralised government,recommended,320,29,informational
,decentralised government,,decentralize government,recommended,320,40,informational
,blockchain security services,,blockchain security services,recommended,260,23,informational
,blockchain security services,,cryptography in blockchain,recommended,90,30,informational
,blockchain security services,,blockchain and finance,recommended,50,49,informational
,blockchain security services,,blockchain security solutions,recommended,70,38,informational
,blockchain security services,,blockchain security technology,recommended,40,46,informational
,blockchain security services,,security and blockchain,recommended,50,47,informational
,blockchain security services,,blockchain security,recommended,1600,55,informational
,crypto mining calculator,,crypto mining calculator,recommended,1000,54,commercial
,crypto mining calculator,,crypto roi calculator,recommended,90,57,informational
,crypto mining calculator,,cryptocurrency trading calculator,recommended,70,54,informational
,crypto mining calculator,,profit crypto calculator,recommended,70,47,"informational, commercial"
,crypto basics,,crypto basics,recommended,390,78,informational
,crypto basics,,cryptography in cryptocurrency,recommended,90,57,informational
,crypto basics,,what is bitcoin,recommended,40500,96,informational
,atomic staking calculator,,atomic staking calculator,recommended,50,15,informational
,atomic staking calculator,,atom staking calculator,recommended,140,18,informational
,crypto on the rise,,crypto on the rise,recommended,480,85,informational
,crypto on the rise,,crypto expected to rise,recommended,70,63,"informational, commercial"
,most secure cryptocurrency wallet,,most secure cryptocurrency wallet,recommended,40,80,commercial
,most secure cryptocurrency wallet,,best secure crypto wallet,recommended,140,98,commercial
,self custody crypto wallets,,how to secure cryptocurrency,recommended,90,50,informational
,self custody crypto wallets,,how to secure crypto,recommended,90,52,informational
,self custody crypto wallets,,how to secure your crypto wallet,recommended,50,55,informational
,self custody crypto wallets,,are crypto wallets safe,recommended,30,69,"informational, commercial"
,self custody crypto wallets,,what is the most secure crypto wallet,recommended,50,77,"informational, commercial"
,self custody crypto wallets,,what is the most secure cryptocurrency wallet,recommended,50,94,informational
,self custody crypto wallets,,self custody crypto wallets,recommended,210,56,informational
,self custody crypto wallets,,secure your crypto,recommended,40,60,informational
,self custody crypto wallets,,crypto safety,recommended,30,63,informational
,self custody crypto wallets,,secure decentralized wallet,recommended,40,100,commercial
,self custody crypto wallets,,best air gapped crypto wallet,recommended,50,30,commercial
,self custody crypto wallets,,type of crypto wallet,recommended,30,51,informational
,self custody crypto wallets,,protector cryptocurrency,recommended,50,51,"informational, commercial"
,self custody crypto wallets,,storing crypto safely,recommended,170,58,informational
,self custody crypto wallets,,crypto hard wallets,recommended,390,61,commercial
,self custody crypto wallets,,crypto physical wallet,recommended,260,63,commercial
,self custody crypto wallets,,crypto card wallet,recommended,140,67,"informational, commercial"
,self custody crypto wallets,,crypto wallets hardware,recommended,170,66,commercial
,self custody crypto wallets,,crypto harware wallet,recommended,50,67,commercial
,self custody crypto wallets,,cryptocurrency hardware wallet,recommended,590,69,commercial
,self custody crypto wallets,,crypto hardware wallet,recommended,3600,72,"informational, commercial"
,self custody crypto wallets,,crypto storage wallets,recommended,70,76,commercial
,self custody crypto wallets,,crypto storage,recommended,170,78,"informational, commercial"
,self custody crypto wallets,,best crypto wallets for security,recommended,40,82,commercial
,self custody crypto wallets,,good crypto wallet,recommended,260,81,commercial
,self custody crypto wallets,,encrypted bitcoin wallet,recommended,480,83,informational
,self custody crypto wallets,,most secure crypto wallet,recommended,590,83,commercial
,self custody crypto wallets,,safest crypto wallet,recommended,1300,83,commercial
,self custody crypto wallets,,safest wallets for crypto,recommended,70,85,commercial
,self custody crypto wallets,,cryptocurrency hardware wallets,recommended,30,86,commercial
,blockchain and cryptography,,blockchain and cryptography,recommended,50,29,informational
,blockchain and cryptography,,blockchain protocol,recommended,140,62,informational
,blockchain and cryptography,,understanding crypto,recommended,320,85,informational
,blockchain and cryptography,,cryptocurrencies with smart contracts,recommended,140,76,informational
,blockchain and cryptography,,analysis of cryptocurrency,recommended,70,84,commercial
,blockchain and cryptography,,cryptocurrency research,recommended,50,57,informational
,blockchain and cryptography,,crypto foundations,recommended,30,51,informational
,blockchain and cryptography,,bitcoin vs crypto,recommended,590,61,"informational, commercial"
,blockchain and cryptography,,why btc versus crypto,recommended,1600,77,informational
,blockchain and cryptography,,what is the difference between bitcoin and cryptocurrency,recommended,210,60,informational
,blockchain and cryptography,,cryptocurrency concepts,recommended,450000,100,informational
,blockchain and cryptography,,what is crypto,recommended,22200,84,informational
,blockchain and cryptography,,blockchain technology,recommended,90500,100,informational
,blockchain and cryptography,,blockchain and cryptocurrencies,recommended,70,95,informational
,blockchain and cryptography,,crypto fundamentals,recommended,50,59,informational
,blockchain and cryptography,,research on cryptocurrency,recommended,40,79,informational
,defi yield farming development company,,defi yield farming development company,recommended,170,9,informational
,defi yield farming development company,,defi yield farming development,recommended,140,33,informational
,defi yield farming development company,,high yield crypto,recommended,30,68,commercial
,yield farming crypto,,yield farming crypto,recommended,260,54,informational
,yield farming crypto,,yield farm crypto,recommended,70,54,informational
,yield farming crypto,,crypto yield,recommended,40,53,informational
,crypto wallet analytics,,crypto wallet analytics,recommended,50,93,commercial
,crypto wallet analytics,,what is a crypto wallet,recommended,2400,76,informational
,crypto wallet analytics,,examples of crypto wallets,recommended,30,79,commercial
,crypto wallet analytics,,crypto storage wallet,recommended,90,81,"informational, commercial"
,how to protect your crypto,,how to protect your crypto,recommended,50,40,informational
,how to protect your crypto,,how to protect your cryptocurrency,recommended,40,53,informational
,how to protect your crypto,,secure cryptocurrency,recommended,30,52,commercial
,crypto investigations,,crypto investigations,recommended,260,59,"informational, transactional"
,crypto investigations,,blockchain investigations,recommended,140,53,informational
,decentralization of management,,decentralization of management,recommended,70,16,informational
,decentralization of management,,in decentralized organizations decision making authority is,recommended,50,10,informational
,decentralization of management,,decentralised management structure,recommended,170,22,informational
,decentralization of management,,decentralised organisation structure,recommended,140,19,informational
,decentralization of management,,decentralized in business,recommended,70,19,informational
,decentralization of management,,centralized vs decentralized decision making,recommended,90,24,commercial
,decentralization of management,,decentralised structure,recommended,70,11,informational
,decentralization of management,,decentralization in business,recommended,140,26,informational
,decentralization of management,,decentralized org structure,recommended,110,25,informational
,decentralization of management,,decentralisation structure,recommended,90,24,informational
,decentralization of management,,decentralized political,recommended,90,29,informational
,decentralization of management,,decentralization of authority,recommended,40,19,informational
,decentralization of management,,what is political decentralization,recommended,50,24,informational
,decentralization of management,,decentralized organizations,recommended,50,32,informational
,decentralization of management,,decentralized def,recommended,110,55,informational
,decentralization of management,,decentralized rule,recommended,50,45,informational
,blockchain auditing,,blockchain auditing,recommended,170,24,informational
,blockchain auditing,,crypto audits,recommended,50,56,informational
,blockchain auditing,,blockchain audit,recommended,480,32,informational
,blockchain auditing,,blockchain security auditing,recommended,50,33,informational
,crypto intelligence news,,crypto intelligence news,recommended,110,59,"informational, commercial"
,crypto intelligence news,,what is happening to crypto,recommended,260,90,informational
,ethereum blockchain platform,,ethereum blockchain platform,recommended,140,85,informational
,ethereum blockchain platform,,eth crypto,recommended,4400,83,informational
,ethereum blockchain platform,,eth,recommended,165000,100,informational
,ethereum blockchain platform,,ethereum news,recommended,49500,100,informational
,decentralized autonomous organization,,decentralized autonomous organization,recommended,590,75,informational
,decentralized autonomous organization,,decentralized autonomous,recommended,140,68,informational
,decentralized autonomous organization,,decentralized autonomous organizations,recommended,0,0,
,decentralized autonomous organization,,what is a decentralized autonomous organization,recommended,40,70,informational
,decentralized autonomous organization,,daos crypto,recommended,70,72,informational
,decentralized autonomous organization,,dao,recommended,22200,85,informational
,smart contract programming languages,,smart contract programming languages,recommended,50,18,informational
,smart contract programming languages,,languages for smart contracts,recommended,40,35,informational
,smart contract programming languages,,programming smart contracts,recommended,30,47,informational
,smart contract programming languages,,coding smart contracts,recommended,50,57,informational
,why is crypto going up,,why is crypto going up,recommended,1600,27,informational
,why is crypto going up,,what is happening with crypto,recommended,260,88,informational
,why is crypto going up,,why crypto go up,recommended,50,46,informational
,why is crypto going up,,what causes crypto to rise,recommended,40,41,informational
,why is crypto going up,,how does crypto go up and down,recommended,50,44,informational
,why is crypto going up,,why does crypto go up and down,recommended,170,50,informational
,why is crypto going up,,how does crypto go up,recommended,50,51,informational
,why is crypto going up,,what makes crypto go up,recommended,320,54,informational
,why is crypto going up,,crypto prics,recommended,30,82,transactional
,political decentralization,,political decentralization,recommended,110,26,informational
,political decentralization,,decentralization politics,recommended,90,28,informational
,political decentralization,,decentralization of power,recommended,140,38,informational
,political decentralization,,decentralized politics,recommended,90,34,informational
,political decentralization,,what is decentralised,recommended,320,57,informational
,political decentralization,,decentralizing power,recommended,90,38,informational
,political decentralization,,decentralised definition,recommended,70,48,informational
,political decentralization,,define decentralize,recommended,70,52,informational
,political decentralization,,decentralized state,recommended,40,47,informational
,fork hard,,fork hard,recommended,50,75,informational
,fork hard,,crypto hard fork,recommended,70,51,informational
